family,n_vars,stage,semantic_classes,slw_bits,semantic_rank,boundary_fraction,runtime_ms
cycle_graph_n4,4,0,1,0,1,1.0,0.08756200031712069
cycle_graph_n4,4,2,4,2,3,0.75,0.045308000153454486
cycle_graph_n4,4,4,2,1,1,0.0,0.03849800032185158
horn_chain_n4,4,0,1,0,1,1.0,0.0579269999434473
horn_chain_n4,4,2,2,1,1,0.25,0.02448699979140656
horn_chain_n4,4,4,2,1,1,0.0,0.03180799967594794
random2_n4_s1004,4,0,1,0,0,0.0,0.031066999781614868
random2_n4_s1004,4,2,1,0,0,0.0,0.021752000066044275
random2_n4_s1004,4,4,1,0,0,0.0,0.02748199995039613
cycle_graph_n6,6,0,1,0,1,1.0,0.0820529999145947
cycle_graph_n6,6,2,4,2,3,0.75,0.09237899985237163
cycle_graph_n6,6,4,5,3,3,0.5,0.09215899990522303
cycle_graph_n6,6,6,2,1,1,0.0,0.11091600026702508
horn_chain_n6,6,0,1,0,1,1.0,0.09214800002155243
horn_chain_n6,6,2,2,1,1,0.25,0.05942999996477738
horn_chain_n6,6,4,2,1,1,0.0625,0.13356099998418358
horn_chain_n6,6,6,2,1,1,0.0,0.09014499983095448
random2_n6_s1006,6,0,1,0,0,0.0,0.09331000001111533
random2_n6_s1006,6,2,1,0,0,0.0,0.07670500008316594
random2_n6_s1006,6,4,1,0,0,0.0,0.12289500000406406
random2_n6_s1006,6,6,1,0,0,0.0,0.10642000006555463
cycle_graph_n8,8,0,1,0,1,1.0,0.3276329998698202
cycle_graph_n8,8,2,4,2,3,0.75,0.3177879998474964
cycle_graph_n8,8,4,5,3,4,0.5,0.37554400023509515
cycle_graph_n8,8,6,5,3,3,0.328125,0.3662599997369398
cycle_graph_n8,8,8,2,1,1,0.0,0.5364560001908103
horn_chain_n8,8,0,1,0,1,1.0,0.23538400000688853
horn_chain_n8,8,2,2,1,1,0.25,0.25124800004050485
horn_chain_n8,8,4,2,1,1,0.0625,0.1876719998108456
horn_chain_n8,8,6,2,1,1,0.015625,0.23085599968908355
horn_chain_n8,8,8,2,1,1,0.0,0.3286740002295119
random2_n8_s1008,8,0,1,0,1,1.0,0.329295000028651
random2_n8_s1008,8,2,2,1,1,0.5,0.29352100000323844
random2_n8_s1008,8,4,3,2,2,0.25,0.3162650000376743
random2_n8_s1008,8,6,3,2,2,0.09375,0.33018600015566335
random2_n8_s1008,8,8,2,1,1,0.0,0.45132799959901604
cycle_graph_n10,10,0,1,0,1,1.0,1.2411850002536085
cycle_graph_n10,10,2,4,2,3,0.75,1.28688399991006
cycle_graph_n10,10,4,5,3,4,0.5,1.3378999997257779
cycle_graph_n10,10,6,5,3,4,0.328125,1.315996999892377
cycle_graph_n10,10,8,5,3,3,0.21484375,1.3436590002129378
cycle_graph_n10,10,10,2,1,1,0.0,1.8434590001561446
horn_chain_n10,10,0,1,0,1,1.0,1.0675529997570266
horn_chain_n10,10,2,2,1,1,0.25,0.8094859999800974
horn_chain_n10,10,4,2,1,1,0.0625,0.6973980002840108
horn_chain_n10,10,6,2,1,1,0.015625,0.7294449997061747
horn_chain_n10,10,8,2,1,1,0.00390625,0.8406329998251749
horn_chain_n10,10,10,2,1,1,0.0,1.3573890000770916
random2_n10_s1010,10,0,1,0,0,0.0,1.3014760002079129
random2_n10_s1010,10,2,1,0,0,0.0,1.0923310001089703
random2_n10_s1010,10,4,1,0,0,0.0,1.1262120001447329
random2_n10_s1010,10,6,1,0,0,0.0,1.0703880002438382
random2_n10_s1010,10,8,1,0,0,0.0,1.180793999992602
random2_n10_s1010,10,10,1,0,0,0.0,2.8899210001327447
random3_n4_s2411,4,0,1,0,1,1.0,0.04278500000509666
random3_n4_s2411,4,2,2,1,1,0.25,0.0345819998983643
random3_n4_s2411,4,4,2,1,1,0.0,0.04560900015349034
planted3_n4_s3411,4,0,1,0,1,1.0,0.04571900035443832
planted3_n4_s3411,4,2,2,1,1,0.25,0.04499700025917264
planted3_n4_s3411,4,4,2,1,1,0.0,0.048552999942330644
random3_n4_s2429,4,0,1,0,1,1.0,0.039848999676905805
random3_n4_s2429,4,2,2,1,1,0.25,0.040219999846158316
random3_n4_s2429,4,4,2,1,1,0.0,0.044056000206182944
planted3_n4_s3429,4,0,1,0,1,1.0,0.04565800009004306
planted3_n4_s3429,4,2,3,2,2,0.75,0.04662000037569669
planted3_n4_s3429,4,4,2,1,1,0.0,0.049854999815579504
random3_n4_s2447,4,0,1,0,1,1.0,0.04488800004764926
random3_n4_s2447,4,2,2,1,1,0.25,0.04099199986740132
random3_n4_s2447,4,4,2,1,1,0.0,0.04772100010086433
planted3_n4_s3447,4,0,1,0,1,1.0,0.04405599975143559
planted3_n4_s3447,4,2,3,2,2,0.5,0.04593900030158693
planted3_n4_s3447,4,4,2,1,1,0.0,0.04966400001649163
random3_n6_s2611,6,0,1,0,1,1.0,0.15647500003979076
random3_n6_s2611,6,2,2,1,1,0.25,0.15325100002883119
random3_n6_s2611,6,4,2,1,1,0.0625,0.15304999988074997
random3_n6_s2611,6,6,2,1,1,0.0,0.18005999982051435
planted3_n6_s3611,6,0,1,0,1,1.0,0.1415030001226114
planted3_n6_s3611,6,2,3,2,2,0.5,0.13903900025979965
planted3_n6_s3611,6,4,3,2,2,0.125,0.14118199987933622
planted3_n6_s3611,6,6,2,1,1,0.0,0.166970999998739
random3_n6_s2629,6,0,1,0,1,1.0,0.13689600018551573
random3_n6_s2629,6,2,3,2,2,0.5,0.14310500000647153
random3_n6_s2629,6,4,3,2,2,0.1875,0.1380180001433473
random3_n6_s2629,6,6,2,1,1,0.0,0.1650280000831117
planted3_n6_s3629,6,0,1,0,1,1.0,0.13385100010054884
planted3_n6_s3629,6,2,4,2,4,1.0,0.1384779998261365
planted3_n6_s3629,6,4,5,3,4,0.3125,0.14961499982746318
planted3_n6_s3629,6,6,2,1,1,0.0,0.16824299973450252
random3_n6_s2647,6,0,1,0,1,1.0,0.1432349999959115
random3_n6_s2647,6,2,4,2,3,0.75,0.15483300012419932
random3_n6_s2647,6,4,3,2,2,0.25,0.17987999990509707
random3_n6_s2647,6,6,2,1,1,0.0,0.20628999982363894
planted3_n6_s3647,6,0,1,0,1,1.0,0.15599400012433762
planted3_n6_s3647,6,2,3,2,2,0.5,0.16289399991364917
planted3_n6_s3647,6,4,3,2,2,0.25,0.1652490000196849
planted3_n6_s3647,6,6,2,1,1,0.0,0.18585899988465826
random3_n8_s2811,8,0,1,0,1,1.0,0.49836900006994256
random3_n8_s2811,8,2,3,2,2,0.5,0.5153340002834739
random3_n8_s2811,8,4,3,2,2,0.125,0.6413040000552428
random3_n8_s2811,8,6,3,2,2,0.03125,0.5548539998017077
random3_n8_s2811,8,8,2,1,1,0.0,0.7376480002676544
planted3_n8_s3811,8,0,1,0,1,1.0,0.6116490003478248
planted3_n8_s3811,8,2,2,1,1,0.25,0.5387589999372722
planted3_n8_s3811,8,4,2,1,1,0.0625,0.7224249998216692
planted3_n8_s3811,8,6,2,1,1,0.03125,0.59884999973292
planted3_n8_s3811,8,8,2,1,1,0.0,0.786610999966797
random3_n8_s2829,8,0,1,0,1,1.0,0.5692750000889646
random3_n8_s2829,8,2,4,2,3,0.75,0.5454399997688597
random3_n8_s2829,8,4,6,3,4,0.3125,0.5694450001101359
random3_n8_s2829,8,6,5,3,3,0.09375,0.5615939999188413
random3_n8_s2829,8,8,2,1,1,0.0,0.6640679998781707
planted3_n8_s3829,8,0,1,0,1,1.0,0.5353440001272247
planted3_n8_s3829,8,2,2,1,1,0.25,0.5297459997564147
planted3_n8_s3829,8,4,4,2,2,0.1875,0.5191899999772431
planted3_n8_s3829,8,6,3,2,2,0.09375,0.8434769997620606
planted3_n8_s3829,8,8,2,1,1,0.0,0.7017040002210706
random3_n8_s2847,8,0,1,0,1,1.0,0.7011830002738861
random3_n8_s2847,8,2,2,1,1,0.25,0.6488140002147702
random3_n8_s2847,8,4,2,1,1,0.0625,0.5552239999815356
random3_n8_s2847,8,6,2,1,1,0.015625,0.697639000009076
random3_n8_s2847,8,8,2,1,1,0.0,0.9503170003881678
planted3_n8_s3847,8,0,1,0,1,1.0,0.6065110001145513
planted3_n8_s3847,8,2,3,2,2,0.5,0.5669120000675321
planted3_n8_s3847,8,4,4,2,3,0.1875,0.6478639998022118
planted3_n8_s3847,8,6,3,2,2,0.0625,0.6253789997572312
planted3_n8_s3847,8,8,2,1,1,0.0,0.7383089996437775
random3_n10_s3011,10,0,1,0,1,1.0,2.2247030001381063
random3_n10_s3011,10,2,2,1,1,0.25,2.145853999991232
random3_n10_s3011,10,4,3,2,2,0.125,2.235368000128801
random3_n10_s3011,10,6,4,2,3,0.046875,2.161497000088275
random3_n10_s3011,10,8,4,2,2,0.015625,2.2601650002798124
random3_n10_s3011,10,10,2,1,1,0.0,2.746696000031079
planted3_n10_s4011,10,0,1,0,1,1.0,2.0214769997437543
planted3_n10_s4011,10,2,4,2,3,0.75,2.0764390001204447
planted3_n10_s4011,10,4,6,3,5,0.4375,2.021065999997518
planted3_n10_s4011,10,6,6,3,5,0.140625,2.0950269999957527
planted3_n10_s4011,10,8,5,3,4,0.0390625,2.111172000240913
planted3_n10_s4011,10,10,2,1,1,0.0,2.5708920002216473
random3_n10_s3029,10,0,1,0,1,1.0,2.121757000168145
random3_n10_s3029,10,2,2,1,1,0.25,2.1134749999873748
random3_n10_s3029,10,4,2,1,1,0.0625,2.33507799975996
random3_n10_s3029,10,6,2,1,1,0.046875,2.153625999653741
random3_n10_s3029,10,8,2,1,1,0.01171875,2.3913220002214075
random3_n10_s3029,10,10,2,1,1,0.0,2.9035520001343684
planted3_n10_s4029,10,0,1,0,1,1.0,2.196199000081833
planted3_n10_s4029,10,2,4,2,4,1.0,2.2168699997564545
planted3_n10_s4029,10,4,6,3,4,0.375,2.198792999934085
planted3_n10_s4029,10,6,7,3,4,0.125,2.3350370001935516
planted3_n10_s4029,10,8,4,2,2,0.0390625,2.540726999995968
planted3_n10_s4029,10,10,2,1,1,0.0,2.7823199998238124
random3_n10_s3047,10,0,1,0,1,1.0,2.7404469997236447
random3_n10_s3047,10,2,2,1,1,0.25,2.3567509997519664
random3_n10_s3047,10,4,2,1,1,0.0625,2.2091190003266092
random3_n10_s3047,10,6,2,1,1,0.015625,2.301246999650175
random3_n10_s3047,10,8,2,1,1,0.00390625,2.3143059997892124
random3_n10_s3047,10,10,2,1,1,0.0,2.926547000242863
planted3_n10_s4047,10,0,1,0,1,1.0,2.1122630000718345
planted3_n10_s4047,10,2,3,2,2,0.5,2.014015999975527
planted3_n10_s4047,10,4,3,2,2,0.125,1.9496390000313113
planted3_n10_s4047,10,6,4,2,3,0.046875,1.9482769998830918
planted3_n10_s4047,10,8,4,2,2,0.01171875,2.0980009999220783
planted3_n10_s4047,10,10,2,1,1,0.0,2.525624000099924
xor_chain_inputs3,5,0,1,0,1,1.0,0.062183999943954404
xor_chain_inputs3,5,2,2,1,2,1.0,0.057776999710767996
xor_chain_inputs3,5,4,2,1,1,0.25,0.06191300008140388
xor_chain_inputs4,7,0,1,0,1,1.0,0.2425449997645046
xor_chain_inputs4,7,2,2,1,2,1.0,0.20802299968636362
xor_chain_inputs4,7,4,5,3,4,0.5,0.2212220001638343
xor_chain_inputs4,7,6,2,1,1,0.125,0.26247400001011556
xor_chain_inputs5,9,0,1,0,1,1.0,0.8180689997061563
xor_chain_inputs5,9,2,2,1,2,1.0,1.0539840000092227
xor_chain_inputs5,9,4,8,3,8,1.0,0.9357760000057169
xor_chain_inputs5,9,6,5,3,4,0.25,0.8940329998949892
xor_chain_inputs5,9,8,2,1,1,0.0625,1.000161999854754
xor_chain_inputs6,11,0,1,0,1,1.0,3.411075000258279
xor_chain_inputs6,11,2,2,1,2,1.0,3.6907839999003045
xor_chain_inputs6,11,4,8,3,8,1.0,3.5139490000801743
xor_chain_inputs6,11,6,17,5,16,0.5,3.7163229999350733
xor_chain_inputs6,11,8,5,3,4,0.125,3.6397280000528554
xor_chain_inputs6,11,10,2,1,1,0.03125,4.345237000052293
php_3_2,6,0,1,0,0,0.0,0.08782199984125327
php_3_2,6,2,1,0,0,0.0,0.07031599989204551
php_3_2,6,4,1,0,0,0.0,0.07204800022009294
php_3_2,6,6,1,0,0,0.0,0.09994999982154695
php_4_3,12,0,1,0,0,0.0,7.813678000275104
php_4_3,12,2,1,0,0,0.0,6.338491999940743
php_4_3,12,4,1,0,0,0.0,6.099122000250645
php_4_3,12,6,1,0,0,0.0,6.62886800000706
php_4_3,12,8,1,0,0,0.0,5.978521999622899
php_4_3,12,10,1,0,0,0.0,9.112027999890415
tseitin_cubic_v4_odd,6,0,1,0,0,0.0,0.13037500002610614
tseitin_cubic_v4_odd,6,2,1,0,0,0.0,0.11031500025637797
tseitin_cubic_v4_odd,6,4,1,0,0,0.0,0.11289999974906095
tseitin_cubic_v4_odd,6,6,1,0,0,0.0,0.14930399993318133
tseitin_cubic_v6_odd,9,0,1,0,0,0.0,0.993361999917397
tseitin_cubic_v6_odd,9,2,1,0,0,0.0,0.9266719998777262
tseitin_cubic_v6_odd,9,4,1,0,0,0.0,0.8707689999027934
tseitin_cubic_v6_odd,9,6,1,0,0,0.0,0.9039380001922837
tseitin_cubic_v6_odd,9,8,1,0,0,0.0,1.0023859999819251
tseitin_cubic_v8_odd,12,0,1,0,0,0.0,7.8221009998742375
tseitin_cubic_v8_odd,12,2,1,0,0,0.0,7.362740999724338
tseitin_cubic_v8_odd,12,4,1,0,0,0.0,6.992264000018622
tseitin_cubic_v8_odd,12,6,1,0,0,0.0,7.130872999823623
tseitin_cubic_v8_odd,12,8,1,0,0,0.0,7.342780000271887
tseitin_cubic_v8_odd,12,10,1,0,0,0.0,7.603862999985722
